[
  {
    "id": "491badc0-d85a-4000-a0a2-0d959cdf7528",
    "data": [
      {
        "text": "Is it ",
        "userDefined": false
      },
      {
        "text": "answer",
        "alias": "answer",
        "meta": "@sys.any",
        "userDefined": true
      },
      {
        "text": "?",
        "userDefined": false
      }
    ],
    "isTemplate": false,
    "count": 0,
    "updated": 1534320828
  },
  {
    "id": "0494a8ac-e174-4220-b77c-1b0f2a079f01",
    "data": [
      {
        "text": "The answer is ",
        "userDefined": false
      },
      {
        "text": "answer",
        "alias": "answer",
        "meta": "@sys.any",
        "userDefined": true
      }
    ],
    "isTemplate": false,
    "count": 0,
    "updated": 1534320828
  },
  {
    "id": "a877e7a0-4c2e-400a-9f3e-d2ea7f9ec4f2",
    "data": [
      {
        "text": "I guess it\u0027s ",
        "userDefined": false
      },
      {
        "text": "answer",
        "alias": "answer",
        "meta": "@sys.any",
        "userDefined": true
      }
    ],
    "isTemplate": false,
    "count": 0,
    "updated": 1525626121
  },
  {
    "id": "4203d8da-abb7-4c16-83d6-5cb6a874de63",
    "data": [
      {
        "text": "I think it\u0027s ",
        "userDefined": false
      },
      {
        "text": "answer",
        "alias": "answer",
        "meta": "@sys.any",
        "userDefined": true
      }
    ],
    "isTemplate": false,
    "count": 0,
    "updated": 1525626121
  },
  {
    "id": "9996db6b-142d-4787-bf17-50b5244d267b",
    "data": [
      {
        "text": "answer",
        "alias": "answer",
        "meta": "@sys.any",
        "userDefined": true
      }
    ],
    "isTemplate": false,
    "count": 0,
    "updated": 1525626121
  }
]