[
  {
    "id": "12713942-8ecd-464e-ab45-a113c2f5c084",
    "data": [
      {
        "text": "Help me",
        "userDefined": false
      }
    ],
    "isTemplate": false,
    "count": 0,
    "updated": 1514655286
  },
  {
    "id": "68f09a94-554b-415f-b845-9c4e6c017d97",
    "data": [
      {
        "text": "Not sure",
        "userDefined": false
      }
    ],
    "isTemplate": false,
    "count": 0
  },
  {
    "id": "a3439a7d-8192-4591-9fdb-d2f5859a8ec3",
    "data": [
      {
        "text": "I need help",
        "userDefined": false
      }
    ],
    "isTemplate": false,
    "count": 0,
    "updated": 1514655286
  },
  {
    "id": "f055d1ac-aab8-4185-8558-a34f390103ad",
    "data": [
      {
        "text": "I don\u0027t know",
        "userDefined": false
      }
    ],
    "isTemplate": false,
    "count": 0,
    "updated": 1514655286
  }
]