[
  {
    "id": "11fe5b45-7257-473f-917b-619af023ec0c",
    "data": [
      {
        "text": "say that again",
        "userDefined": false
      }
    ],
    "isTemplate": false,
    "count": 0
  },
  {
    "id": "4e93781b-2aff-483c-b9b5-0c15381dde59",
    "data": [
      {
        "text": "what",
        "userDefined": false
      }
    ],
    "isTemplate": false,
    "count": 0
  },
  {
    "id": "94af0130-afc8-4136-9dc1-6f3e6222aeb3",
    "data": [
      {
        "text": "come again",
        "userDefined": false
      }
    ],
    "isTemplate": false,
    "count": 0
  },
  {
    "id": "5ce7241b-a2d8-4e48-9c90-92fceac75e6b",
    "data": [
      {
        "text": "could you repeat that",
        "userDefined": false
      }
    ],
    "isTemplate": false,
    "count": 0
  },
  {
    "id": "bb2475c6-6ab5-4039-94b2-1eb0d3d75d8c",
    "data": [
      {
        "text": "i didn\u0027t hear that",
        "userDefined": false
      }
    ],
    "isTemplate": false,
    "count": 0
  },
  {
    "id": "a60a1c30-5e87-439e-8727-03996542c4f6",
    "data": [
      {
        "text": "can you say that again",
        "userDefined": false
      }
    ],
    "isTemplate": false,
    "count": 0
  },
  {
    "id": "bd3a0fd4-da52-47d0-b4c0-b66cd164870b",
    "data": [
      {
        "text": "repeat",
        "userDefined": false
      }
    ],
    "isTemplate": false,
    "count": 0
  }
]