[
  {
    "id": "56e469c3-5ec0-4499-ac54-d8ac059efeab",
    "data": [
      {
        "text": "pick my brain on ",
        "userDefined": false
      },
      {
        "text": "capital cities",
        "alias": "query",
        "meta": "@sys.any",
        "userDefined": true
      }
    ],
    "isTemplate": false,
    "count": 0,
    "updated": 1525599291
  },
  {
    "id": "a41677a9-95ce-413f-a9e4-e97fd890d841",
    "data": [
      {
        "text": "ask me about ",
        "userDefined": false
      },
      {
        "text": "capital cities",
        "alias": "query",
        "meta": "@sys.any",
        "userDefined": true
      }
    ],
    "isTemplate": false,
    "count": 0,
    "updated": 1525599291
  },
  {
    "id": "b3611f8e-add8-4238-902f-3421282a7796",
    "data": [
      {
        "text": "Let\u0027s practice ",
        "userDefined": false
      },
      {
        "text": "history",
        "alias": "query",
        "meta": "@sys.any",
        "userDefined": true
      }
    ],
    "isTemplate": false,
    "count": 0,
    "updated": 1525599291
  }
]