[
  {
    "id": "dfcb4f84-5f91-411d-b265-8c9c1a9f4175",
    "data": [
      {
        "text": "i\u0027m done",
        "userDefined": false
      }
    ],
    "isTemplate": false,
    "count": 0,
    "updated": 1525597614
  },
  {
    "id": "24d53fef-ced0-452b-a0e5-88840cbff4fc",
    "data": [
      {
        "text": "let\u0027s do something else",
        "userDefined": false
      }
    ],
    "isTemplate": false,
    "count": 0,
    "updated": 1525597614
  },
  {
    "id": "e33ff822-0dd2-46b2-839f-7bde4a6d0bb4",
    "data": [
      {
        "text": "enough",
        "userDefined": false
      }
    ],
    "isTemplate": false,
    "count": 0,
    "updated": 1525597614
  },
  {
    "id": "39cc6121-ade2-47d9-bb1f-1d4fdbd05cdc",
    "data": [
      {
        "text": "stop the game",
        "userDefined": false
      }
    ],
    "isTemplate": false,
    "count": 0,
    "updated": 1525597614
  }
]